﻿pos_x,pos_y,rotation,side,designator,mpn,pack,footprint,value,mount_type
242.0,-95.0,0.0,top,BZ1,,,MagneticBuzzer_ProSignal_ABT-410-RC,Buzzer,tht
232.2,-206.7,-90.0,top,C1,,,C_0805_2012Metric_Pad1.18x1.45mm_HandSolder,2.2uF,smt
116.0,-122.0,-90.0,top,C10,,,C_0805_2012Metric_Pad1.15x1.40mm_HandSolder,0.1uF,smt
116.0,-62.025,-90.0,top,C11,,,C_0805_2012Metric_Pad1.15x1.40mm_HandSolder,0.1uF,smt
116.0,-82.0,-90.0,top,C12,,,C_0805_2012Metric_Pad1.15x1.40mm_HandSolder,0.1uF,smt
116.0,-102.0,-90.0,top,C13,,,C_0805_2012Metric_Pad1.15x1.40mm_HandSolder,0.1uF,smt
136.0,-122.0,-90.0,top,C14,,,C_0805_2012Metric_Pad1.15x1.40mm_HandSolder,0.1uF,smt
136.0,-62.0,-90.0,top,C15,,,C_0805_2012Metric_Pad1.15x1.40mm_HandSolder,0.1uF,smt
136.0,-82.0,-90.0,top,C16,,,C_0805_2012Metric_Pad1.15x1.40mm_HandSolder,0.1uF,smt
136.0,-102.0,-90.0,top,C17,,,C_0805_2012Metric_Pad1.15x1.40mm_HandSolder,0.1uF,smt
156.0,-122.0,-90.0,top,C18,,,C_0805_2012Metric_Pad1.15x1.40mm_HandSolder,0.1uF,smt
156.0,-62.0,-90.0,top,C19,,,C_0805_2012Metric_Pad1.15x1.40mm_HandSolder,0.1uF,smt
76.0,-121.9,-90.0,top,C2,,,C_0805_2012Metric_Pad1.15x1.40mm_HandSolder,0.1uF,smt
156.0,-82.0,-90.0,top,C20,,,C_0805_2012Metric_Pad1.15x1.40mm_HandSolder,0.1uF,smt
156.0,-102.0,-90.0,top,C21,,,C_0805_2012Metric_Pad1.15x1.40mm_HandSolder,0.1uF,smt
176.0,-122.0,-90.0,top,C22,,,C_0805_2012Metric_Pad1.15x1.40mm_HandSolder,0.1uF,smt
176.0,-62.0,-90.0,top,C23,,,C_0805_2012Metric_Pad1.15x1.40mm_HandSolder,0.1uF,smt
176.0,-82.0,-90.0,top,C24,,,C_0805_2012Metric_Pad1.15x1.40mm_HandSolder,0.1uF,smt
176.0,-102.0,-90.0,top,C25,,,C_0805_2012Metric_Pad1.15x1.40mm_HandSolder,0.1uF,smt
196.0,-122.0,-90.0,top,C26,,,C_0805_2012Metric_Pad1.15x1.40mm_HandSolder,0.1uF,smt
196.0,-62.0,-90.0,top,C27,,,C_0805_2012Metric_Pad1.15x1.40mm_HandSolder,0.1uF,smt
196.0,-82.0,-90.0,top,C28,,,C_0805_2012Metric_Pad1.15x1.40mm_HandSolder,0.1uF,smt
196.0,-102.0,-90.0,top,C29,,,C_0805_2012Metric_Pad1.15x1.40mm_HandSolder,0.1uF,smt
75.25,-62.0,-90.0,top,C3,,,C_0805_2012Metric_Pad1.15x1.40mm_HandSolder,0.1uF,smt
216.0,-122.0,-90.0,top,C30,,,C_0805_2012Metric_Pad1.15x1.40mm_HandSolder,0.1uF,smt
216.0,-62.0,-90.0,top,C31,,,C_0805_2012Metric_Pad1.15x1.40mm_HandSolder,0.1uF,smt
216.0,-82.0,-90.0,top,C32,,,C_0805_2012Metric_Pad1.15x1.40mm_HandSolder,0.1uF,smt
216.0,-102.0,-90.0,top,C33,,,C_0805_2012Metric_Pad1.15x1.40mm_HandSolder,0.1uF,smt
76.0,-142.0,-90.0,top,C34,,,C_0805_2012Metric_Pad1.15x1.40mm_HandSolder,0.1uF,smt
76.0,-162.0,-90.0,top,C35,,,C_0805_2012Metric_Pad1.15x1.40mm_HandSolder,0.1uF,smt
76.0,-182.0,-90.0,top,C36,,,C_0805_2012Metric_Pad1.15x1.40mm_HandSolder,0.1uF,smt
76.0,-202.0,-90.0,top,C37,,,C_0805_2012Metric_Pad1.15x1.40mm_HandSolder,0.1uF,smt
96.0,-142.0,-90.0,top,C38,,,C_0805_2012Metric_Pad1.15x1.40mm_HandSolder,0.1uF,smt
96.0,-162.0,-90.0,top,C39,,,C_0805_2012Metric_Pad1.15x1.40mm_HandSolder,0.1uF,smt
76.0,-82.0,-90.0,top,C4,,,C_0805_2012Metric_Pad1.15x1.40mm_HandSolder,0.1uF,smt
96.0,-182.0,-90.0,top,C40,,,C_0805_2012Metric_Pad1.15x1.40mm_HandSolder,0.1uF,smt
96.0,-202.0,-90.0,top,C41,,,C_0805_2012Metric_Pad1.15x1.40mm_HandSolder,0.1uF,smt
116.0,-142.0,-90.0,top,C42,,,C_0805_2012Metric_Pad1.15x1.40mm_HandSolder,0.1uF,smt
116.0,-162.0,-90.0,top,C43,,,C_0805_2012Metric_Pad1.15x1.40mm_HandSolder,0.1uF,smt
116.0,-182.0,-90.0,top,C44,,,C_0805_2012Metric_Pad1.15x1.40mm_HandSolder,0.1uF,smt
116.0,-202.0,-90.0,top,C45,,,C_0805_2012Metric_Pad1.15x1.40mm_HandSolder,0.1uF,smt
136.0,-142.0,-90.0,top,C46,,,C_0805_2012Metric_Pad1.15x1.40mm_HandSolder,0.1uF,smt
136.0,-162.0,-90.0,top,C47,,,C_0805_2012Metric_Pad1.15x1.40mm_HandSolder,0.1uF,smt
136.0,-182.0,-90.0,top,C48,,,C_0805_2012Metric_Pad1.15x1.40mm_HandSolder,0.1uF,smt
136.0,-202.0,-90.0,top,C49,,,C_0805_2012Metric_Pad1.15x1.40mm_HandSolder,0.1uF,smt
76.0,-102.0,-90.0,top,C5,,,C_0805_2012Metric_Pad1.15x1.40mm_HandSolder,0.1uF,smt
156.0,-142.0,-90.0,top,C50,,,C_0805_2012Metric_Pad1.15x1.40mm_HandSolder,0.1uF,smt
156.0,-162.0,-90.0,top,C51,,,C_0805_2012Metric_Pad1.15x1.40mm_HandSolder,0.1uF,smt
156.0,-182.0,-90.0,top,C52,,,C_0805_2012Metric_Pad1.15x1.40mm_HandSolder,0.1uF,smt
156.0,-202.0,-90.0,top,C53,,,C_0805_2012Metric_Pad1.15x1.40mm_HandSolder,0.1uF,smt
176.0,-142.0,-90.0,top,C54,,,C_0805_2012Metric_Pad1.15x1.40mm_HandSolder,0.1uF,smt
176.0,-162.0,-90.0,top,C55,,,C_0805_2012Metric_Pad1.15x1.40mm_HandSolder,0.1uF,smt
176.0,-182.0,-90.0,top,C56,,,C_0805_2012Metric_Pad1.15x1.40mm_HandSolder,0.1uF,smt
176.0,-202.0,-90.0,top,C57,,,C_0805_2012Metric_Pad1.15x1.40mm_HandSolder,0.1uF,smt
196.0,-142.0,-90.0,top,C58,,,C_0805_2012Metric_Pad1.15x1.40mm_HandSolder,0.1uF,smt
196.0,-162.0,-90.0,top,C59,,,C_0805_2012Metric_Pad1.15x1.40mm_HandSolder,0.1uF,smt
96.0,-122.0,-90.0,top,C6,,,C_0805_2012Metric_Pad1.15x1.40mm_HandSolder,0.1uF,smt
196.0,-182.0,-90.0,top,C60,,,C_0805_2012Metric_Pad1.15x1.40mm_HandSolder,0.1uF,smt
196.0,-202.0,-90.0,top,C61,,,C_0805_2012Metric_Pad1.15x1.40mm_HandSolder,0.1uF,smt
216.0,-142.0,-90.0,top,C62,,,C_0805_2012Metric_Pad1.15x1.40mm_HandSolder,0.1uF,smt
216.0,-162.0,-90.0,top,C63,,,C_0805_2012Metric_Pad1.15x1.40mm_HandSolder,0.1uF,smt
216.0,-182.0,-90.0,top,C64,,,C_0805_2012Metric_Pad1.15x1.40mm_HandSolder,0.1uF,smt
216.0,-202.0,-90.0,top,C65,,,C_0805_2012Metric_Pad1.15x1.40mm_HandSolder,0.1uF,smt
96.0,-62.0,-90.0,top,C7,,,C_0805_2012Metric_Pad1.15x1.40mm_HandSolder,0.1uF,smt
96.0,-82.0,-90.0,top,C8,,,C_0805_2012Metric_Pad1.15x1.40mm_HandSolder,0.1uF,smt
96.0,-102.0,-90.0,top,C9,,,C_0805_2012Metric_Pad1.15x1.40mm_HandSolder,0.1uF,smt
228.4,-85.0,90.0,top,D1,,,LED_D5.0mm,LED,tht
90.0,-97.0,0.0,top,D10,,,LED_WS2812B_PLCC4_5.0x5.0mm_P3.2mm,WS2812B,smt
110.0,-117.0,0.0,top,D11,,,LED_WS2812B_PLCC4_5.0x5.0mm_P3.2mm,WS2812B,smt
110.0,-57.0,0.0,top,D12,,,LED_WS2812B_PLCC4_5.0x5.0mm_P3.2mm,WS2812B,smt
110.0,-77.0,0.0,top,D13,,,LED_WS2812B_PLCC4_5.0x5.0mm_P3.2mm,WS2812B,smt
110.0,-97.0,0.0,top,D14,,,LED_WS2812B_PLCC4_5.0x5.0mm_P3.2mm,WS2812B,smt
130.0,-117.0,0.0,top,D15,,,LED_WS2812B_PLCC4_5.0x5.0mm_P3.2mm,WS2812B,smt
130.0,-57.0,0.0,top,D16,,,LED_WS2812B_PLCC4_5.0x5.0mm_P3.2mm,WS2812B,smt
130.0,-77.0,0.0,top,D17,,,LED_WS2812B_PLCC4_5.0x5.0mm_P3.2mm,WS2812B,smt
130.0,-97.0,0.0,top,D18,,,LED_WS2812B_PLCC4_5.0x5.0mm_P3.2mm,WS2812B,smt
150.0,-117.0,0.0,top,D19,,,LED_WS2812B_PLCC4_5.0x5.0mm_P3.2mm,WS2812B,smt
237.8,-85.0,90.0,top,D2,,,LED_D5.0mm,LED,tht
150.0,-57.0,0.0,top,D20,,,LED_WS2812B_PLCC4_5.0x5.0mm_P3.2mm,WS2812B,smt
150.0,-77.0,0.0,top,D21,,,LED_WS2812B_PLCC4_5.0x5.0mm_P3.2mm,WS2812B,smt
150.0,-97.0,0.0,top,D22,,,LED_WS2812B_PLCC4_5.0x5.0mm_P3.2mm,WS2812B,smt
170.0,-117.0,0.0,top,D23,,,LED_WS2812B_PLCC4_5.0x5.0mm_P3.2mm,WS2812B,smt
170.0,-57.0,0.0,top,D24,,,LED_WS2812B_PLCC4_5.0x5.0mm_P3.2mm,WS2812B,smt
170.0,-77.0,0.0,top,D25,,,LED_WS2812B_PLCC4_5.0x5.0mm_P3.2mm,WS2812B,smt
170.0,-97.0,0.0,top,D26,,,LED_WS2812B_PLCC4_5.0x5.0mm_P3.2mm,WS2812B,smt
190.0,-117.0,0.0,top,D27,,,LED_WS2812B_PLCC4_5.0x5.0mm_P3.2mm,WS2812B,smt
190.0,-57.0,0.0,top,D28,,,LED_WS2812B_PLCC4_5.0x5.0mm_P3.2mm,WS2812B,smt
190.0,-77.0,0.0,top,D29,,,LED_WS2812B_PLCC4_5.0x5.0mm_P3.2mm,WS2812B,smt
70.0,-117.0,0.0,top,D3,,,LED_WS2812B_PLCC4_5.0x5.0mm_P3.2mm,WS2812B,smt
190.0,-97.0,0.0,top,D30,,,LED_WS2812B_PLCC4_5.0x5.0mm_P3.2mm,WS2812B,smt
210.0,-117.0,0.0,top,D31,,,LED_WS2812B_PLCC4_5.0x5.0mm_P3.2mm,WS2812B,smt
210.0,-57.0,0.0,top,D32,,,LED_WS2812B_PLCC4_5.0x5.0mm_P3.2mm,WS2812B,smt
210.0,-77.0,0.0,top,D33,,,LED_WS2812B_PLCC4_5.0x5.0mm_P3.2mm,WS2812B,smt
210.0,-97.0,0.0,top,D34,,,LED_WS2812B_PLCC4_5.0x5.0mm_P3.2mm,WS2812B,smt
70.0,-137.0,0.0,top,D35,,,LED_WS2812B_PLCC4_5.0x5.0mm_P3.2mm,WS2812B,smt
70.0,-157.0,0.0,top,D36,,,LED_WS2812B_PLCC4_5.0x5.0mm_P3.2mm,WS2812B,smt
70.0,-177.0,0.0,top,D37,,,LED_WS2812B_PLCC4_5.0x5.0mm_P3.2mm,WS2812B,smt
70.0,-197.0,0.0,top,D38,,,LED_WS2812B_PLCC4_5.0x5.0mm_P3.2mm,WS2812B,smt
90.0,-137.0,0.0,top,D39,,,LED_WS2812B_PLCC4_5.0x5.0mm_P3.2mm,WS2812B,smt
70.0,-57.0,0.0,top,D4,,,LED_WS2812B_PLCC4_5.0x5.0mm_P3.2mm,WS2812B,smt
90.0,-157.0,0.0,top,D40,,,LED_WS2812B_PLCC4_5.0x5.0mm_P3.2mm,WS2812B,smt
90.0,-177.0,0.0,top,D41,,,LED_WS2812B_PLCC4_5.0x5.0mm_P3.2mm,WS2812B,smt
90.0,-197.0,0.0,top,D42,,,LED_WS2812B_PLCC4_5.0x5.0mm_P3.2mm,WS2812B,smt
110.0,-137.0,0.0,top,D43,,,LED_WS2812B_PLCC4_5.0x5.0mm_P3.2mm,WS2812B,smt
110.0,-157.0,0.0,top,D44,,,LED_WS2812B_PLCC4_5.0x5.0mm_P3.2mm,WS2812B,smt
110.0,-177.0,0.0,top,D45,,,LED_WS2812B_PLCC4_5.0x5.0mm_P3.2mm,WS2812B,smt
110.0,-197.0,0.0,top,D46,,,LED_WS2812B_PLCC4_5.0x5.0mm_P3.2mm,WS2812B,smt
130.0,-137.0,0.0,top,D47,,,LED_WS2812B_PLCC4_5.0x5.0mm_P3.2mm,WS2812B,smt
130.0,-157.0,0.0,top,D48,,,LED_WS2812B_PLCC4_5.0x5.0mm_P3.2mm,WS2812B,smt
130.0,-177.0,0.0,top,D49,,,LED_WS2812B_PLCC4_5.0x5.0mm_P3.2mm,WS2812B,smt
70.0,-77.0,0.0,top,D5,,,LED_WS2812B_PLCC4_5.0x5.0mm_P3.2mm,WS2812B,smt
130.0,-197.0,0.0,top,D50,,,LED_WS2812B_PLCC4_5.0x5.0mm_P3.2mm,WS2812B,smt
150.0,-137.0,0.0,top,D51,,,LED_WS2812B_PLCC4_5.0x5.0mm_P3.2mm,WS2812B,smt
150.0,-157.0,0.0,top,D52,,,LED_WS2812B_PLCC4_5.0x5.0mm_P3.2mm,WS2812B,smt
150.0,-177.0,0.0,top,D53,,,LED_WS2812B_PLCC4_5.0x5.0mm_P3.2mm,WS2812B,smt
150.0,-197.0,0.0,top,D54,,,LED_WS2812B_PLCC4_5.0x5.0mm_P3.2mm,WS2812B,smt
170.0,-137.0,0.0,top,D55,,,LED_WS2812B_PLCC4_5.0x5.0mm_P3.2mm,WS2812B,smt
170.0,-157.0,0.0,top,D56,,,LED_WS2812B_PLCC4_5.0x5.0mm_P3.2mm,WS2812B,smt
170.0,-177.0,0.0,top,D57,,,LED_WS2812B_PLCC4_5.0x5.0mm_P3.2mm,WS2812B,smt
170.0,-197.0,0.0,top,D58,,,LED_WS2812B_PLCC4_5.0x5.0mm_P3.2mm,WS2812B,smt
190.0,-137.0,0.0,top,D59,,,LED_WS2812B_PLCC4_5.0x5.0mm_P3.2mm,WS2812B,smt
70.0,-97.0,0.0,top,D6,,,LED_WS2812B_PLCC4_5.0x5.0mm_P3.2mm,WS2812B,smt
190.0,-157.0,0.0,top,D60,,,LED_WS2812B_PLCC4_5.0x5.0mm_P3.2mm,WS2812B,smt
190.0,-177.0,0.0,top,D61,,,LED_WS2812B_PLCC4_5.0x5.0mm_P3.2mm,WS2812B,smt
190.0,-197.0,0.0,top,D62,,,LED_WS2812B_PLCC4_5.0x5.0mm_P3.2mm,WS2812B,smt
210.0,-137.0,0.0,top,D63,,,LED_WS2812B_PLCC4_5.0x5.0mm_P3.2mm,WS2812B,smt
210.0,-157.0,0.0,top,D64,,,LED_WS2812B_PLCC4_5.0x5.0mm_P3.2mm,WS2812B,smt
210.0,-177.0,0.0,top,D65,,,LED_WS2812B_PLCC4_5.0x5.0mm_P3.2mm,WS2812B,smt
210.0,-197.0,0.0,top,D66,,,LED_WS2812B_PLCC4_5.0x5.0mm_P3.2mm,WS2812B,smt
90.0,-117.0,0.0,top,D7,,,LED_WS2812B_PLCC4_5.0x5.0mm_P3.2mm,WS2812B,smt
90.0,-57.0,0.0,top,D8,,,LED_WS2812B_PLCC4_5.0x5.0mm_P3.2mm,WS2812B,smt
90.0,-77.0,0.0,top,D9,,,LED_WS2812B_PLCC4_5.0x5.0mm_P3.2mm,WS2812B,smt
237.2,-205.6,0.0,top,J1,,,JST_XH_B2B-XH-A_1x02_P2.50mm_Vertical,Conn_01x02_Female,tht
248.0,-133.0,0.0,top,J3,,,raspberry_pi_socket,RPi_GPIO,tht
234.696,-100.0,90.0,top,R1,,,R_Axial_DIN0207_L6.3mm_D2.5mm_P10.16mm_Horizontal,100,tht
248.0,-191.0,180.0,top,R10,,,R_0805_2012Metric_Pad1.15x1.40mm_HandSolder,10k,smt
248.0,-188.75,180.0,top,R11,,,R_0805_2012Metric_Pad1.15x1.40mm_HandSolder,10k,smt
230.3,-100.0,90.0,top,R2,,,R_Axial_DIN0207_L6.3mm_D2.5mm_P10.16mm_Horizontal,2.2k,tht
225.806,-100.0,90.0,top,R3,,,R_Axial_DIN0207_L6.3mm_D2.5mm_P10.16mm_Horizontal,2.2k,tht
248.0,-203.0,180.0,top,R4,,,R_0805_2012Metric_Pad1.15x1.40mm_HandSolder,10k,smt
248.0,-201.0,180.0,top,R5,,,R_0805_2012Metric_Pad1.15x1.40mm_HandSolder,10k,smt
248.0,-199.0,180.0,top,R6,,,R_0805_2012Metric_Pad1.15x1.40mm_HandSolder,10k,smt
248.0,-197.0,180.0,top,R7,,,R_0805_2012Metric_Pad1.15x1.40mm_HandSolder,10k,smt
248.0,-195.0,180.0,top,R8,,,R_0805_2012Metric_Pad1.15x1.40mm_HandSolder,10k,smt
248.0,-193.0,180.0,top,R9,,,R_0805_2012Metric_Pad1.15x1.40mm_HandSolder,10k,smt
226.75,-76.75,90.0,top,SW1,,,SW_PUSH_6mm_H5mm,SW_Push,tht
241.0,-76.75,90.0,top,SW2,,,SW_PUSH_6mm_H5mm,SW_Push,tht
226.75,-64.0,90.0,top,SW3,,,SW_PUSH_6mm_H5mm,SW_Push,tht
241.0,-64.0,90.0,top,SW4,,,SW_PUSH_6mm_H5mm,SW_Push,tht
224.5,-184.75,90.0,top,U1,,,DIP-16_W7.62mm,74HC238,tht
71.25,-201.8,180.0,top,U10,,,TO-92Flat,A3144,tht
91.25,-62.0,180.0,top,U11,,,TO-92Flat,A3144,tht
91.25,-82.0,180.0,top,U12,,,TO-92Flat,A3144,tht
91.25,-101.8,180.0,top,U13,,,TO-92Flat,A3144,tht
91.25,-121.8,180.0,top,U14,,,TO-92Flat,A3144,tht
91.25,-141.8,180.0,top,U15,,,TO-92Flat,A3144,tht
91.25,-161.8,180.0,top,U16,,,TO-92Flat,A3144,tht
91.25,-182.0,180.0,top,U17,,,TO-92Flat,A3144,tht
91.25,-202.0,180.0,top,U18,,,TO-92Flat,A3144,tht
111.25,-62.0,180.0,top,U19,,,TO-92Flat,A3144,tht
224.5,-200.0,90.0,top,U2,,,DIP-16_W7.62mm,74LS151,tht
111.25,-82.0,180.0,top,U20,,,TO-92Flat,A3144,tht
111.25,-102.0,180.0,top,U21,,,TO-92Flat,A3144,tht
111.25,-122.0,180.0,top,U22,,,TO-92Flat,A3144,tht
111.25,-142.0,180.0,top,U23,,,TO-92Flat,A3144,tht
111.25,-162.0,180.0,top,U24,,,TO-92Flat,A3144,tht
111.25,-182.0,180.0,top,U25,,,TO-92Flat,A3144,tht
111.25,-202.0,180.0,top,U26,,,TO-92Flat,A3144,tht
131.25,-62.0,180.0,top,U27,,,TO-92Flat,A3144,tht
131.25,-82.0,180.0,top,U28,,,TO-92Flat,A3144,tht
131.25,-102.0,180.0,top,U29,,,TO-92Flat,A3144,tht
71.25,-62.0,180.0,top,U3,,,TO-92Flat,A3144,tht
131.25,-122.0,180.0,top,U30,,,TO-92Flat,A3144,tht
131.25,-142.0,180.0,top,U31,,,TO-92Flat,A3144,tht
131.25,-162.0,180.0,top,U32,,,TO-92Flat,A3144,tht
131.25,-182.0,180.0,top,U33,,,TO-92Flat,A3144,tht
131.25,-202.0,180.0,top,U34,,,TO-92Flat,A3144,tht
151.25,-62.0,180.0,top,U35,,,TO-92Flat,A3144,tht
151.25,-82.0,180.0,top,U36,,,TO-92Flat,A3144,tht
151.25,-102.0,180.0,top,U37,,,TO-92Flat,A3144,tht
151.25,-122.0,180.0,top,U38,,,TO-92Flat,A3144,tht
151.25,-142.0,180.0,top,U39,,,TO-92Flat,A3144,tht
71.25,-82.0,180.0,top,U4,,,TO-92Flat,A3144,tht
151.25,-162.0,180.0,top,U40,,,TO-92Flat,A3144,tht
151.25,-182.0,180.0,top,U41,,,TO-92Flat,A3144,tht
151.25,-202.0,180.0,top,U42,,,TO-92Flat,A3144,tht
171.25,-62.0,180.0,top,U43,,,TO-92Flat,A3144,tht
171.25,-82.0,180.0,top,U44,,,TO-92Flat,A3144,tht
171.25,-102.0,180.0,top,U45,,,TO-92Flat,A3144,tht
171.25,-122.0,180.0,top,U46,,,TO-92Flat,A3144,tht
171.25,-142.0,180.0,top,U47,,,TO-92Flat,A3144,tht
171.25,-162.0,180.0,top,U48,,,TO-92Flat,A3144,tht
171.25,-182.0,180.0,top,U49,,,TO-92Flat,A3144,tht
71.25,-102.0,180.0,top,U5,,,TO-92Flat,A3144,tht
171.25,-202.0,180.0,top,U50,,,TO-92Flat,A3144,tht
191.25,-62.0,180.0,top,U51,,,TO-92Flat,A3144,tht
191.25,-82.0,180.0,top,U52,,,TO-92Flat,A3144,tht
191.25,-102.0,180.0,top,U53,,,TO-92Flat,A3144,tht
191.25,-122.0,180.0,top,U54,,,TO-92Flat,A3144,tht
191.25,-142.0,180.0,top,U55,,,TO-92Flat,A3144,tht
191.25,-162.0,180.0,top,U56,,,TO-92Flat,A3144,tht
191.25,-182.0,180.0,top,U57,,,TO-92Flat,A3144,tht
191.25,-202.0,180.0,top,U58,,,TO-92Flat,A3144,tht
211.25,-62.0,180.0,top,U59,,,TO-92Flat,A3144,tht
71.29,-122.0,180.0,top,U6,,,TO-92Flat,A3144,tht
211.25,-82.0,180.0,top,U60,,,TO-92Flat,A3144,tht
211.25,-102.0,180.0,top,U61,,,TO-92Flat,A3144,tht
211.25,-122.0,180.0,top,U62,,,TO-92Flat,A3144,tht
211.25,-142.0,180.0,top,U63,,,TO-92Flat,A3144,tht
211.25,-162.0,180.0,top,U64,,,TO-92Flat,A3144,tht
211.25,-182.0,180.0,top,U65,,,TO-92Flat,A3144,tht
211.25,-202.0,180.0,top,U66,,,TO-92Flat,A3144,tht
71.25,-142.0,180.0,top,U7,,,TO-92Flat,A3144,tht
71.25,-161.75,180.0,top,U8,,,TO-92Flat,A3144,tht
71.27,-181.8,180.0,top,U9,,,TO-92Flat,A3144,tht
250.75,-173.75,0.0,top,e1,,,PinSocket_2x05_P2.54mm_Vertical,Conn_02x05_Odd_Even,tht
