﻿Designator,Quantity,Value,Footprint,Package,MPN,DNP,Mount_Type
BZ1,1,Buzzer,MagneticBuzzer_ProSignal_ABT-410-RC,,,,tht
C1,1,2.2uF,C_0805_2012Metric_Pad1.18x1.45mm_HandSolder,,,,smt
"C10, C11, C12, C13, C14, C15, C16, C17, C18, C19, C2, C20, C21, C22, C23, C24, C25, C26, C27, C28, C29, C3, C30, C31, C32, C33, C34, C35, C36, C37, C38, C39, C4, C40, C41, C42, C43, C44, C45, C46, C47, C48, C49, C5, C50, C51, C52, C53, C54, C55, C56, C57, C58, C59, C6, C60, C61, C62, C63, C64, C65, C7, C8, C9",64,0.1uF,C_0805_2012Metric_Pad1.15x1.40mm_HandSolder,,,,smt
"D1, D2",2,LED,LED_D5.0mm,,,,tht
"D10, D11, D12, D13, D14, D15, D16, D17, D18, D19, D20, D21, D22, D23, D24, D25, D26, D27, D28, D29, D3, D30, D31, D32, D33, D34, D35, D36, D37, D38, D39, D4, D40, D41, D42, D43, D44, D45, D46, D47, D48, D49, D5, D50, D51, D52, D53, D54, D55, D56, D57, D58, D59, D6, D60, D61, D62, D63, D64, D65, D66, D7, D8, D9",64,WS2812B,LED_WS2812B_PLCC4_5.0x5.0mm_P3.2mm,,,,smt
J1,1,Conn_01x02_Female,JST_XH_B2B-XH-A_1x02_P2.50mm_Vertical,,,,tht
J3,1,RPi_GPIO,raspberry_pi_socket,,,,tht
R1,1,100,R_Axial_DIN0207_L6.3mm_D2.5mm_P10.16mm_Horizontal,,,,tht
"R10, R11, R4, R5, R6, R7, R8, R9",8,10k,R_0805_2012Metric_Pad1.15x1.40mm_HandSolder,,,,smt
"R2, R3",2,2.2k,R_Axial_DIN0207_L6.3mm_D2.5mm_P10.16mm_Horizontal,,,,tht
"SW1, SW2, SW3, SW4",4,SW_Push,SW_PUSH_6mm_H5mm,,,,tht
U1,1,74HC238,DIP-16_W7.62mm,,,,tht
"U10, U11, U12, U13, U14, U15, U16, U17, U18, U19, U20, U21, U22, U23, U24, U25, U26, U27, U28, U29, U3, U30, U31, U32, U33, U34, U35, U36, U37, U38, U39, U4, U40, U41, U42, U43, U44, U45, U46, U47, U48, U49, U5, U50, U51, U52, U53, U54, U55, U56, U57, U58, U59, U6, U60, U61, U62, U63, U64, U65, U66, U7, U8, U9",64,A3144,TO-92Flat,,,,tht
U2,1,74LS151,DIP-16_W7.62mm,,,,tht
e1,1,Conn_02x05_Odd_Even,PinSocket_2x05_P2.54mm_Vertical,,,,tht
